end_step	chunk_val_loss_own_ring	val_loss_fixed_ring	val_byte_ce_fixed_ring	field_alone_byte_ce	a_hat_linear_next_byte_ce	train_frac_at_cap	diag_frac_at_cap	fork_cos_alpha	fork_cos_a_hat	train_steps_per_s	field_leak	chat_bonjour	chat_qui	chat_il_etait
4876000	0.4938	0.4938	0.4928	3.0935	1.990	0.000	0.000	0.780	0.698	93.3	0.30	Oui, ??isssistant::::::::::::::::::roprrirraainuonne suis	Avec ??isssistant::::::::::::::::::roprrirraainuonne suis	Avec ??isssistant::::::::::::::::::roprrirraainuonne suis
4884000	0.4914	0.4914	0.4902	2.9515	1.905	0.000	0.000	0.721	0.630	38.0	0.30	Avec	Avec	Avec
4892000	0.7717	0.4471	0.4461	2.7859	1.859	0.000	0.000	0.667	0.550	91.2	0.30	Bonne un n?,	Bonne	Bonne un
4900000	0.7808	0.4852	0.4843	2.6556	1.821	0.000	0.000	0.674	0.592	37.3	0.30	Je reut--oora.	Je reut--oora.	Je reut--oora.
4908000	0.7984	0.5104	0.5093	2.5714	1.783	0.000	0.000	0.652	0.579	92.2	0.30	Bonne n'oirecommence suis	Bonne n'oirecommence suis	Bonne n'oirecommence suis
4916000	0.7908	0.5211	0.5201	2.5091	1.761	0.000	0.000	0.673	0.582	38.4	0.30	Je	Oui,	Je
4924000	0.7530	0.4791	0.4782	2.2889	1.749	0.000	0.000	0.679	0.580	37.7	0.30	Je	D'''''''	D'''''''
4932000	0.7870	0.5214	0.5205	2.3175	1.722	0.000	0.000	0.686	0.566	96.0	0.30	Bonne	Bonne	Bonne
4940000	0.7467	0.4966	0.4957	2.2691	1.705	0.000	0.000	0.689	0.553	93.2	0.30	Peut--	Peut--	Peut--
4948000	0.8101	0.5011	0.5003	2.1885	1.689	0.000	0.000	0.673	0.549	96.1	0.30	Peut-- audis	D''''	Peut-- audis
4956000	0.7678	0.5162	0.5154	2.0877	1.680	0.000	0.000	0.680	0.557	81.1	0.30	Peut-- rdi..	Peut-- rdi..	Peut-- rdi..
4964000	1.2464	0.4867	0.4859	2.0177	1.679	0.000	0.000	0.678	0.552	76.9	0.30	Oui,	Peut--..	Peut--..
4972000	1.3133	0.5440	0.5432	2.0360	1.680	0.000	0.000	0.664	0.529	81.1	0.30	Oui,	Peut--	Peut--
4980000	1.3417	0.5241	0.5232	2.0006	1.680	0.000	0.000	0.664	0.529	80.5	0.30	Oui,	Peut--	Peut--
4988000	1.2908	0.5039	0.5031	1.8884	1.681	0.000	0.000	0.660	0.528	82.6	0.30	Oui, un	Peut--être un	Peut--être un
4996000	1.3188	0.4974	0.4967	1.7959	1.678	0.000	0.000	0.647	0.495	82.2	0.30	Oui,	Peut--	Peut--
